WaveletEnergy,ShannonEntropy,Kurtosis,Variance,RhythmClass
687.5631934,6.017658588,3.62788123,0.031614531,2
1165.289714,5.69733803,2.476483617,0.047229414,2
1156.794828,6.196908863,1.305032917,0.032860255,2
777.6591677,6.395300421,-0.486346685,0.039708873,2
967.37172,6.005635066,2.308486723,0.026975143,2
634.56854,5.990299226,2.710240362,0.017954607,2
1236.403558,5.919080704,4.343652107,0.031535119,2
551.2770405,6.062314434,3.235816148,0.034867938,2
1456.725901,6.245552551,-0.001757724,0.048671837,2
1183.477422,5.723853588,2.744177942,0.026068725,2
759.673531,5.969142401,1.130506151,0.028041211,2
1664.591958,5.013811989,4.896530901,0.041548718,2
773.0043605,5.9982122,0.281772031,0.031338177,2
1004.210413,5.463143431,6.628987488,0.021179187,2
1720.519176,7.099945046,-0.098873883,0.052699142,2
1577.180171,6.655674314,1.513486989,0.033061516,2
2238.770883,6.773593723,0.121232148,0.068073133,2
1581.869047,6.950153235,-0.402734946,0.058069333,2
1810.064128,6.939132152,-0.383524892,0.05600704,2
1086.437402,6.253788004,3.009279727,0.0271325,2
2145.923299,6.784502606,-0.148771203,0.062351515,2
2938.208264,6.85367841,-0.193425291,0.07398977,2
2838.601238,6.695832724,-0.165089821,0.071123486,2
2047.83748,6.427030245,0.591278298,0.053902068,2
1735.191181,6.821085219,-0.118145346,0.061918811,2
2002.72037,6.71125755,-0.176842626,0.066200644,2
1323.604417,6.590012516,1.557373734,0.03980008,2
2102.510734,6.854382211,-0.217804987,0.069785396,2
1355.460578,6.907108919,0.505531679,0.050842151,2
1913.030365,6.825667735,-0.006809314,0.061041456,2
1328.549649,6.84616942,0.158226147,0.047653962,2
1709.912782,6.893333218,-0.314362712,0.065968584,2
2347.399686,6.934385143,0.111910962,0.050868668,2
1929.890741,7.039657388,-0.494816135,0.063228335,2
2006.237131,7.024715306,-0.362144597,0.067248828,2
1097.734342,6.475100175,0.544223497,0.042469338,2
1199.624822,6.895101785,0.894749533,0.035816821,2
1938.246379,7.006704334,-0.618470057,0.06790686,2
1733.298946,6.809130066,0.685031652,0.05398324,2
1998.909772,6.593284198,0.379667364,0.064716172,2
1841.395,6.637183007,0.829761123,0.057512421,2
2805.131575,6.781066405,-0.463664839,0.062201291,2
2397.837616,7.004328919,-0.681421499,0.079719493,2
1252.75879,6.546564468,0.23001117,0.046044185,2
2157.247928,6.823868811,-0.328574292,0.063529576,2
3310.452667,6.721549378,-0.638057399,0.066057166,2
1845.535343,6.29892142,2.466506773,0.041546919,2
1304.708791,5.896713843,2.528914414,0.032543841,2
1235.989107,6.465645829,-0.777320035,0.066771257,2
4209.830165,6.827263112,-1.203880815,0.088299653,2
3939.467375,6.957514674,-1.084281515,0.095046195,2
845.8574623,6.109670192,4.3760278,0.032799546,2
1043.551497,6.325680133,0.344413122,0.05147113,2
1208.725855,6.445118782,0.230573002,0.053963588,2
1202.716368,6.420865851,0.16383124,0.054162398,2
906.748421,6.088165478,1.348484839,0.038761566,2
1000.97101,6.335196344,0.682351232,0.048827315,2
967.9161114,6.033636903,1.328695248,0.038185465,2
975.131253,6.338316817,0.643506057,0.049189306,2
1869.078281,6.349586004,-0.014032264,0.058756597,2
1774.020364,5.952822428,0.650945632,0.0503275,2
1964.799294,6.37251397,0.083487883,0.057468775,2
2124.675021,6.304156043,1.752502592,0.05707611,2
1005.602395,5.980161873,-0.73831386,0.053582763,2
1617.356549,5.957630377,6.373380743,0.039261629,2
2123.345031,6.567008746,0.328145945,0.063877379,2
2347.629745,6.243645881,0.34130033,0.060160181,2
2114.642379,6.552069995,0.772413638,0.064394371,2
1230.241082,6.294085006,2.27858044,0.039357528,2
1338.46666,6.33829191,3.223594483,0.023452698,2
1363.126261,5.774834874,3.777630203,0.026906497,2
1489.454887,6.072624443,1.833655607,0.046491779,2
1258.871374,5.867541344,3.89901166,0.03194383,2
2189.03895,6.51210483,0.530967696,0.048945254,2
1167.559716,6.399872158,0.365875802,0.048726536,2
1411.682133,6.095656056,1.259830968,0.04426096,2
2237.278031,6.27042643,-0.051338186,0.056385899,2
1836.699344,6.403135242,0.393626908,0.050247919,2
1540.945195,5.990930842,1.452191332,0.044088761,2
1791.588924,6.505963961,3.556050298,0.03521784,2
1503.096928,6.667353757,4.007826706,0.026971882,2
1360.4877,5.871352715,-0.513722609,0.063339877,2
1633.286266,6.134337,0.122677321,0.042483569,2
1218.991237,6.066999248,2.068979243,0.046186591,2
995.6683411,6.598067192,-0.865287324,0.07565303,2
878.3690548,5.557782599,8.166012533,0.025255124,2
948.6267435,5.979519666,2.76980714,0.028489158,2
1045.039697,5.771587636,2.342299963,0.033891246,2
981.8432216,5.8860574,1.673766535,0.035338557,2
1034.079426,5.933319864,1.785179517,0.035955751,2
860.1765628,5.791429992,3.55337473,0.027840104,2
946.7107401,5.914417576,3.115119672,0.030175787,2
902.2933095,6.047847522,1.75565511,0.032661335,2
1078.042387,5.886546601,2.142068034,0.035500353,2
902.4392297,5.929939548,1.751337872,0.033886796,2
837.0143844,6.109681766,1.624018652,0.029165021,2
885.0815452,5.968534555,0.888240794,0.038834558,2
929.7094189,6.032908828,2.328470859,0.031457836,2
892.5928543,5.992252519,1.985197007,0.032743173,2
836.7645356,5.838377267,1.683740996,0.033729905,2
841.8292529,5.859561213,2.567727526,0.031070402,2
967.8727105,6.134347193,1.782578395,0.035750473,2
819.2265592,6.044228998,1.189801209,0.035106256,2
891.9574792,5.839721868,2.876704287,0.031492581,2
955.5014441,5.978288987,1.547799397,0.037308206,2
825.350828,5.83254106,2.190013377,0.032687641,2
803.3816315,6.026392485,1.569801528,0.033215646,2
897.0025599,6.277089917,0.824348235,0.039844658,2
786.1619801,6.068992947,2.727647736,0.028553939,2
775.5709425,5.850163057,1.894410305,0.033888295,2
838.4262623,5.939879591,2.413619792,0.031827053,2
786.2531924,6.009655946,1.565357536,0.032605558,2
950.6477016,6.022894005,1.492006015,0.036339063,2
746.4582442,5.96381248,3.473495591,0.027159377,2
771.0779874,6.06133158,0.532890126,0.039415236,2
899.8716645,6.029874917,2.747451991,0.030229423,2
916.8773783,5.840885241,3.089917278,0.030729728,2
665.0060789,6.183032306,1.019722469,0.033870977,2
981.1598702,6.176775207,1.165718055,0.034366999,2
919.7442858,6.179246048,2.422453661,0.031694145,2
958.6452466,6.079287868,1.889010245,0.0358159,2
924.7964659,6.037868019,2.224577036,0.032327823,2
817.1632103,6.094314122,1.140399629,0.034293036,2
913.9485497,6.062485773,2.481048384,0.031242937,2
799.9655359,6.064478672,0.414628051,0.040837964,2
841.5209596,6.138849893,1.914162538,0.030096447,2
811.7119049,5.913116121,1.539016029,0.033626319,2
975.9815768,6.096870192,1.38639028,0.036837083,2
915.3539934,5.943895755,3.423638278,0.029609758,2
767.3482967,6.001221758,0.626136698,0.038101794,2
1102.110042,5.956075812,1.389584235,0.036997585,2
892.6805876,5.95697204,0.881050042,0.034767927,2
783.5242468,6.06971691,0.932216184,0.031561513,2
890.1635461,6.013268326,2.000033404,0.033264216,2
1153.559371,6.19711888,4.286054516,0.029809106,2
1798.532814,5.89463575,3.093066725,0.045084328,2
1169.075498,6.393991845,3.017310229,0.023818747,2
948.758201,5.677245567,6.426101959,0.028266762,2
990.2508387,5.49850041,7.561633636,0.02910449,2
1177.438426,6.078191263,3.792264158,0.032642417,2
1061.581463,6.119872995,4.15427185,0.030537456,2
995.5059869,5.679960125,4.339980897,0.031628788,2
1076.376928,6.06266509,3.798851156,0.032544514,2
1060.906668,6.064223149,4.576080624,0.030383195,2
993.2487319,5.762839507,4.456032862,0.029903408,2
1126.678304,5.912985871,3.613785203,0.035055105,2
1072.785345,6.085390026,4.266224003,0.030515479,2
1095.150719,5.828848966,3.70637825,0.033029818,2
1069.363337,5.999480628,3.925835754,0.031124951,2
1096.269063,6.080862789,3.584778439,0.03333751,2
1011.452954,6.038990301,4.155734288,0.029004513,2
1053.353226,5.62605925,4.289006549,0.03318018,2
1079.462981,6.052043742,4.063840876,0.030839126,2
1049.879464,5.936916613,4.436399074,0.030359596,2
1073.508664,5.985025301,4.585977902,0.030481066,2
1142.519444,6.105834735,3.97168877,0.033317276,2
1122.197007,6.097974988,4.155224668,0.031483179,2
1143.398576,5.970492788,4.203050278,0.033002881,2
1106.130847,6.003427388,4.002397845,0.032007305,2
1000.577797,6.024638254,4.550142168,0.029571898,2
1161.153691,6.014552256,4.035059878,0.032256958,2
1107.233996,6.05540016,3.981495765,0.031993074,2
1112.115558,6.020565537,4.394512574,0.029904911,2
1177.092674,5.984473277,4.449409868,0.032033544,2
1212.521976,6.037708053,4.026856893,0.031739274,2
1006.63208,5.699266755,5.084300397,0.029079016,2
1124.985717,5.964013408,3.94050458,0.033188802,2
1077.182693,6.098637625,3.593602687,0.031972365,2
1172.896053,5.838959741,3.894994605,0.033965532,2
1173.225662,5.95713247,3.96891681,0.032188367,2
1054.939888,5.84981596,5.846980771,0.027842336,2
1127.326437,5.995998077,1.115689889,0.032456273,2
1093.379006,5.835364871,16.93917842,0.013622794,2
1142.999257,6.061277318,3.093043144,0.023063097,2
1254.213364,6.135878037,3.824253824,0.03057981,2
895.3682396,5.564887988,7.377296908,0.028978152,2
978.0494311,5.732962093,5.201892753,0.028358274,2
968.3794527,5.710336544,6.326054858,0.028980791,2
975.156518,6.083743717,4.301521704,0.017009211,2
870.4188992,6.158785806,2.919190717,0.020871042,2
724.3730813,5.946451741,5.159862388,0.016199782,1
704.451507,5.938053903,5.0956963,0.01591768,1
726.7945581,5.931252535,5.397216077,0.016459684,1
691.777204,5.889159522,6.393434592,0.015300426,1
761.2203891,5.91835252,4.786738713,0.016308138,1
715.0068526,5.93971137,5.411406539,0.015622964,1
705.6225906,5.957097295,4.676791652,0.015400671,1
878.7068624,6.021276343,3.503563573,0.01742892,1
878.5052436,6.196823029,1.698610629,0.041043997,1
1179.359333,6.976428352,-0.500899853,0.043456272,1
591.4669754,5.679843154,13.18358311,0.012916371,1
596.6512351,6.521357878,-1.286658447,0.069090481,1
558.5155451,7.427247587,-0.552047775,0.034884836,1
470.3145399,6.346483155,-0.303513892,0.061078046,1
624.6188309,5.557757185,15.94814666,0.014241402,1
680.5758769,5.732961025,7.78437002,0.016917605,1
685.8813255,5.983592292,4.086775847,0.018467124,1
808.4466003,6.034822992,3.476597495,0.018335081,1
774.3095694,6.022446877,3.751975071,0.017679713,1
663.3534429,5.999514466,4.763447906,0.016092226,1
729.2809691,5.993337341,4.062088484,0.016618019,1
706.9303738,5.933164942,5.429028715,0.015872819,1
697.0654248,5.923702326,4.89418983,0.016877227,1
782.4587759,5.835890088,6.879018533,0.017612028,1
635.4159477,5.916097925,5.922487272,0.014549695,1
740.3094533,5.919589667,4.612925676,0.01631251,1
799.5678148,5.943791326,4.312545892,0.016730388,1
660.8167008,6.486068268,0.021092062,0.032934381,1
585.9156379,6.605688141,-0.90598532,0.064686544,1
707.8737659,6.80296689,0.114081188,0.028281559,1
300.0634504,7.500672368,-0.15658285,0.035335853,1
724.6149909,7.075178303,-0.463331735,0.037928426,1
581.1414309,5.62296464,15.09858132,0.013243117,1
523.6441746,5.806814343,11.57094963,0.012523725,1
773.914004,5.948698785,4.137026479,0.017584463,1
633.9006431,6.002793226,4.960154817,0.01568345,1
712.2384988,5.957520404,4.069651762,0.016934877,1
776.8555509,5.969681147,3.790520032,0.017999016,1
706.6496652,5.948381503,4.913639466,0.016673658,1
667.9673095,5.84612271,8.516385087,0.014296037,1
696.8223622,5.943973018,6.732454428,0.01537881,1
665.2846047,7.581038514,-0.439859917,0.039195456,1
577.6523444,7.348154961,-0.341083285,0.033577181,1
570.2862014,5.621642564,16.36908693,0.012515097,1
1029.544839,6.222501561,5.10757926,0.044017571,1
751.5339621,7.106893741,-0.658650023,0.048819167,1
589.3113908,5.556649708,14.27804751,0.013567334,1
845.3497889,6.96579943,-0.217186811,0.034653231,1
300.960529,7.315156176,-0.189177892,0.035181504,1
554.4063573,5.626342659,14.18458393,0.013329931,1
526.4354341,7.227107636,-0.299171647,0.036667021,1
622.3017067,5.598622935,14.65143545,0.013695192,1
825.1437771,6.678344932,-0.34841323,0.031210932,1
600.9529869,7.036522461,-0.093517371,0.029486429,1
591.9837328,5.644721968,12.38688279,0.013906272,1
999.8659886,6.319556279,3.996569031,0.050392356,1
661.3116384,5.736724664,10.37895288,0.014956409,1
701.4901885,6.12682625,3.189697957,0.019834025,1
837.0479822,6.205101174,3.159831669,0.021691075,1
845.4722752,6.005758888,3.485114306,0.020881875,1
725.0680808,6.018034438,4.982192366,0.016453106,1
652.1930599,5.978466255,6.038874259,0.01573363,1
721.1257393,5.961390039,4.205854015,0.017421176,1
702.3348861,6.053410124,3.321529522,0.017387935,1
755.5419282,6.122886566,3.09949088,0.018507856,1
856.9898887,6.205221243,1.397857995,0.023499515,1
1018.300575,6.305159849,0.975431387,0.026367172,1
784.3533461,6.096644138,2.685246446,0.020046893,1
907.8430343,6.044665143,2.441643094,0.054439031,1
676.5079326,5.690043541,6.336857857,0.0178951,1
491.5639048,6.546757225,1.241706117,0.053767821,1
549.2685889,5.953899077,7.25936669,0.014745485,1
753.8930456,5.956375784,5.092977104,0.016889751,1
714.1494581,5.878830313,6.403963348,0.016488899,1
729.5939716,5.957314593,5.347980586,0.015766182,1
747.6200562,5.978695748,5.700463415,0.016388975,1
633.610581,6.045861587,5.083925743,0.014272497,1
804.8732395,6.098897849,3.504803477,0.017900202,1
703.1588362,5.957745099,6.496554977,0.014851634,1
778.4668337,5.991163929,4.166140458,0.01705111,1
789.2656575,5.935501627,4.545288829,0.017150754,1
852.9529728,5.98116974,2.990953143,0.017046022,1
803.5231342,6.115937389,3.834052938,0.017338374,1
807.6437622,6.862270888,-0.051262383,0.030442344,1
608.4211934,5.883758864,8.768766019,0.012767794,1
467.7940452,6.071353109,6.653978551,0.011949304,1
623.6941808,6.155378027,9.553280995,0.014533261,1
777.495801,6.025112745,4.648300482,0.015500549,1
700.7375861,5.952168351,6.57990978,0.015595145,1
634.8044866,5.945728778,5.728363627,0.015028778,1
715.1430401,5.985842249,4.451053627,0.015997129,1
855.7788396,6.021323147,3.117675408,0.0185247,1
677.3113492,5.931708634,7.847425102,0.015321465,1
733.1336386,5.974396138,5.71714559,0.016222714,1
737.4933445,5.993613755,4.646394714,0.016047234,1
799.7846713,5.900436227,4.732404827,0.017064489,1
848.2698372,5.98451889,4.426954663,0.017878657,1
808.208989,5.982339981,5.799892795,0.016832737,1
594.100214,7.455331027,-0.16004419,0.032646767,1
600.5924489,5.76900866,10.71164683,0.014141555,1
673.4904015,6.203065854,4.660756295,0.016256199,1
980.5222029,5.917328768,5.108959353,0.019506708,1
811.6992948,6.000366039,4.658119066,0.017671408,1
815.660977,5.989255168,3.925278914,0.015448292,1
657.2635858,7.480484502,-0.447457512,0.038513557,1
735.9932314,7.089634586,-0.238525185,0.036833349,1
628.2159906,7.44707157,-0.275213624,0.040487419,1
821.4065616,7.245065498,-0.169653087,0.028759449,1
589.2505755,5.660608454,15.02807705,0.01313566,1
568.622701,5.765732981,9.9058226,0.014542295,1
726.111756,6.038679349,4.946590835,0.018119611,1
833.1954034,5.978607292,3.742698847,0.018531813,1
731.0334765,5.912350531,5.827522153,0.017879889,1
889.6478443,5.928507037,3.268396862,0.02011774,1
816.9463477,6.019057782,3.004527707,0.018326142,1
736.0477555,6.019323438,3.068375134,0.016902344,1
794.8699924,6.06470742,4.011142349,0.018332897,1
820.9198948,5.850288795,5.435003313,0.016200077,1
761.6564387,5.965501973,3.919053769,0.016375472,1
808.4733581,5.941082432,4.996805933,0.016273977,1
635.2342425,6.708137097,0.660202915,0.021365958,1
620.9104876,7.479616185,-0.545348506,0.04938208,1
603.3866719,5.765888318,10.15460006,0.014378742,1
699.4358161,5.652252958,16.0284912,0.012732461,1
656.3609668,5.949831971,6.828882139,0.01680257,1
808.1804942,5.923754422,4.387412636,0.017149093,1
798.3035809,5.974441012,4.584374551,0.016796043,1
837.47537,5.935175899,5.907922813,0.017583226,1
833.6551572,6.017881366,3.627389828,0.018084358,1
826.3407404,6.070084364,2.742417999,0.018513937,1
633.6277973,7.418600253,0.291670178,0.02971615,1
896.2805627,6.96478304,0.26257528,0.033181572,1
507.7618905,5.7139999,14.18260219,0.011915865,1
566.578835,4.855918421,15.02750704,0.01924615,1
639.2116018,5.802375119,10.22769811,0.01414748,1
810.2466113,6.00205351,2.820446088,0.01875743,1
729.0917791,6.035596358,3.992204463,0.017029285,1
813.0147122,5.985183688,3.720059982,0.017463546,1
847.3371202,6.071518325,2.667608729,0.018433934,1
795.227339,6.05760846,2.464828414,0.018103518,1
714.4819642,6.050107638,4.24884253,0.015933503,1
745.0431029,5.939602644,6.609162755,0.015782953,1
848.5146231,5.990332019,4.635044999,0.016824822,1
548.0668805,6.71048683,0.026993861,0.032028543,1
608.4966198,5.763021316,9.139984389,0.014169993,1
1101.32721,5.277011291,7.188531794,0.037571915,1
406.8639487,5.81291289,-0.14468011,0.02875243,1
604.3069229,5.641747952,13.53370337,0.013699917,1
685.1693053,5.824893147,7.641177429,0.016301723,1
753.3251579,6.108159436,3.652038756,0.01999402,1
852.5706705,5.9707043,4.233826587,0.019722263,1
697.6040567,5.892128298,6.304152452,0.015433684,1
699.5704463,5.90223647,5.847380294,0.015583978,1
844.6330932,5.945951232,4.306934864,0.018160226,1
812.9303768,5.990897529,3.319956643,0.017361959,1
807.1903346,5.982947007,3.981783748,0.017201208,1
885.8667249,5.985329169,3.123257451,0.01835167,1
799.5342954,6.041333247,3.10362728,0.017689526,1
878.5591858,5.920549753,3.604947669,0.017908299,1
964.4872109,5.963981532,3.158642831,0.019711034,1
811.4139905,6.002187781,3.047037861,0.01864143,1
802.9061028,5.92193895,5.914468486,0.016068495,1
1044.642783,6.1162907,4.183756818,0.050946699,1
502.5805606,6.736596445,-0.224205353,0.033826132,1
491.5661874,5.78569062,-0.212418084,0.034696801,1
577.7564687,5.695029098,11.63041462,0.012760671,1
690.3389763,5.863430627,7.018705961,0.016653915,1
743.2023911,6.038335776,4.191219147,0.018963464,1
859.6135884,5.946605111,3.192838954,0.018674131,1
790.7268406,6.032534116,3.21038726,0.017369127,1
846.8000141,6.018907343,2.919657902,0.01830353,1
879.5545725,6.05993416,2.352960079,0.01980576,1
890.9580984,6.161623258,1.762306276,0.021646372,1
823.0698408,6.092900828,2.628088896,0.017843209,1
827.4685525,5.969109263,4.302584606,0.017137021,1
775.1464394,6.026509978,3.954413225,0.018219851,1
755.0656772,5.951262645,5.811270785,0.015307726,1
950.3119905,7.361822104,-0.627872479,0.035469362,1
537.8355781,7.176282967,-0.440725438,0.02874312,1
545.7799545,5.772114318,10.99576117,0.012598287,1
1187.252462,5.587187902,5.433637103,0.044556958,1
644.9506023,5.827741497,6.646033468,0.016347547,1
729.9993474,6.035554765,4.687121874,0.018804068,1
859.2053671,5.937824834,4.106049805,0.018037102,1
750.3292208,5.973919026,4.831638503,0.017095801,1
826.7015804,5.926439602,4.820317243,0.017521853,1
770.1897541,5.950061899,4.902865398,0.015991693,1
862.3615288,5.981432748,3.801667326,0.017949641,1
927.1006009,5.930606882,3.273020423,0.019365039,1
943.5940382,6.005821389,2.594994427,0.019257427,1
882.8373262,6.010993326,5.485534996,0.018998518,1
886.4515362,6.137787141,3.21488641,0.01924918,1
1093.498009,6.204960701,1.43357344,0.022508903,1
711.9710684,5.907675556,8.564100045,0.014867102,1
551.2289628,4.667591667,21.70590425,0.018064018,1
418.498629,7.016906291,0.061318047,0.030105222,1
580.3978308,6.801930246,-0.232744132,0.029198791,1
617.5139452,5.767882202,11.27891829,0.013938099,1
634.4386572,5.867087743,8.177073422,0.015237982,1
672.6449371,6.02698982,5.273458791,0.01628333,1
864.4534185,5.96538937,3.881961969,0.018600005,1
769.5288163,5.893029061,7.591552742,0.015632178,1
760.8879273,5.942501724,4.541348872,0.016630386,1
863.4275718,5.947632435,3.900149273,0.017516214,1
862.8107774,5.947889512,4.182189494,0.017154606,1
868.042672,6.093825935,2.898663467,0.018802527,1
791.5415726,5.976874411,4.336978538,0.017519425,1
757.3814168,5.884855545,5.63755903,0.016031613,1
835.5036127,5.930938597,4.974786372,0.017835893,1
805.4898006,5.967148739,4.297707086,0.016793538,1
811.2032272,7.060345638,-0.341187867,0.037763432,1
603.1832417,5.91696924,9.021064746,0.012852843,1
765.7680042,5.743242199,11.73100948,0.013323912,1
762.869903,6.069651422,3.961380179,0.018491031,1
882.3772024,5.88866382,5.131775461,0.018211717,1
780.9414188,5.939999465,5.72521454,0.016974231,1
738.7248656,5.940868567,6.158915561,0.015557842,1
878.6474037,6.006543177,4.172360096,0.017678586,1
868.9072643,5.932815269,3.731207675,0.017621185,1
960.0684904,5.968914468,2.488842128,0.020137786,1
864.0216933,5.968219741,3.520155487,0.018243227,1
841.6750701,5.955293362,4.60191966,0.017406378,1
807.9887543,5.952103722,4.794829145,0.017137916,1
834.9219983,5.939330273,5.263458606,0.017128938,1
833.3630546,5.960457918,5.234464925,0.016884716,1
753.663408,5.943041257,5.575648472,0.015979877,1
1073.939994,6.19458113,4.623943525,0.050538967,1
853.2901826,7.280576651,-0.334732614,0.037728767,1
626.6481452,5.818988601,9.848497761,0.013754059,1
951.3943129,6.524004007,3.296251891,0.050206035,1
557.3470653,5.713645125,9.716958235,0.014348987,1
758.3886798,6.085229775,4.211667192,0.01770364,1
890.3990988,5.964742862,3.963410893,0.018900187,1
838.1746122,6.011804879,3.932729606,0.01830299,1
852.6457821,5.9244597,5.004581726,0.01720802,1
865.9601858,6.014146581,4.650938332,0.018502664,1
828.545858,5.90227166,5.67417673,0.018310682,1
527.7510939,4.942239436,20.65721375,0.016034794,1
573.5000973,6.311579412,-0.170258515,0.035537628,1
576.3042346,7.003701471,-0.096976297,0.035551068,1
605.9611644,5.684632663,13.19243182,0.013313909,1
787.4773785,6.341494719,3.687618251,0.04349927,1
700.9949541,5.820127813,9.216491481,0.015833102,1
776.3061849,6.086432012,4.042116838,0.019588958,1
787.8239898,5.982864003,3.777728284,0.016786306,1
842.7295096,5.981494949,4.79314794,0.018204778,1
790.5849488,5.940670472,5.361792677,0.016797239,1
817.7418981,5.9527788,3.841075212,0.01777303,1
812.8162754,5.916040845,4.79828522,0.016846238,1
817.8371635,5.905894971,4.973990553,0.016781593,1
804.9992328,5.957510167,4.072953856,0.016873093,1
806.0285003,5.885089231,4.512420227,0.016501518,1
709.3186989,7.172183444,-0.042342561,0.026370819,1
529.7726625,6.821907385,0.048293146,0.029820196,1
607.9759975,5.674807901,14.49370395,0.013039623,1
608.0108679,5.829930497,10.5191551,0.014381352,1
729.8222919,6.01927789,5.165941888,0.017083717,1
786.2823075,5.853238214,7.141747247,0.016507758,1
788.7992163,5.884360079,6.960351461,0.01676635,1
753.3192742,5.880031747,6.157152641,0.015919302,1
818.7336469,5.951333402,5.227759157,0.016961778,1
771.1811112,5.951856766,5.548451252,0.015585545,1
853.9044783,6.029795831,3.387322066,0.018187003,1
922.5114853,6.037918916,3.010407481,0.019317061,1
741.7931201,5.880776943,7.636505115,0.015758662,1
776.3815503,5.941196401,6.513644657,0.01615412,1
836.5598875,5.92280511,5.564296448,0.01666513,1
555.1890645,7.140671047,0.153764,0.026037738,1
1818.538369,7.243944175,0.20181313,0.046315933,1
730.6528144,6.014716702,9.213486986,0.013924902,1
693.5808565,5.700578737,11.69488364,0.012989642,1
688.2334099,5.957373685,6.359656792,0.016082583,1
797.3101134,5.92727781,4.074208403,0.01672497,1
820.4864852,5.966350374,3.987543669,0.017686348,1
922.5153899,6.01832716,3.23329502,0.018807607,1
740.4390681,5.925884694,6.33653782,0.015956681,1
715.3583555,5.914430838,6.668399413,0.014162754,1
729.1225935,6.887967164,-0.238509625,0.042436636,1
625.044696,5.746537687,10.65177759,0.014332101,1
905.4075974,6.22167731,4.189513427,0.048276963,1
617.8672876,7.066149882,1.478042621,0.016198204,1
557.9912304,5.749045544,12.86335855,0.012727219,1
580.0441812,5.826700446,7.697800204,0.015009748,1
782.398827,6.08780429,3.060288762,0.019186845,1
758.485039,5.9273605,3.520772473,0.016349326,1
820.4619144,6.041592166,3.673423271,0.018000933,1
710.9918973,6.049617797,4.537944164,0.016049132,1
781.5258245,5.998204375,3.632939068,0.016740284,1
840.7144725,6.02123346,3.160588834,0.018744808,1
1487.560947,5.413422644,7.112226527,0.045579174,1
656.6527885,7.002381695,-0.270139987,0.036663406,1
684.7283305,5.667315897,11.3415508,0.015750795,1
685.7654362,5.643202105,15.87270672,0.012598315,1
634.9746374,6.004254957,6.695388353,0.015775905,1
838.5854582,5.945368563,4.675150144,0.017182539,1
737.074666,5.941927545,4.382263905,0.015962418,1
828.4506386,5.879320492,4.639153808,0.017125058,1
855.7597691,5.967815288,3.53726152,0.018590221,1
750.4988878,5.972676123,4.073350493,0.015844881,1
773.4482672,5.894357968,6.022369305,0.016164671,1
749.7543214,5.879968165,6.96242503,0.015840689,1
777.906248,5.901525954,6.272605066,0.016011203,1
760.1795213,5.944720884,5.040552611,0.016199265,1
467.7136626,6.979373754,-0.661220357,0.047940927,1
601.6196994,5.874461435,9.912203627,0.013587257,1
912.6129752,6.396183331,4.028390242,0.044815085,1
631.4544064,5.785545287,8.032163297,0.014833073,1
637.7946305,6.045147225,6.465990541,0.015671401,1
833.8228745,5.894372574,4.510763845,0.017120455,1
809.9100569,6.032029187,3.443562509,0.018168148,1
796.6033178,5.918176524,6.043176142,0.017177183,1
717.3699529,5.936127699,6.104311196,0.01517257,1
796.7693442,5.882997582,6.342842208,0.016666124,1
838.4358131,5.939989447,4.2815876,0.016837651,1
797.0342442,5.969888308,3.693319255,0.016754267,1
955.451617,5.967212971,2.601786293,0.021018167,1
858.8294547,5.976553907,3.433078177,0.01854618,1
757.7324571,5.908814119,6.947722889,0.015830991,1
759.6026914,6.689778525,-0.329185073,0.028297058,1
581.373122,6.931675745,-0.924140512,0.055014842,1
915.7779809,6.604531526,1.382771057,0.037347903,1
576.7716707,5.705065367,12.45056982,0.013310095,1
667.7204985,7.106895524,-0.157046175,0.032457376,1
679.608002,7.114330726,0.005816124,0.028656312,1
616.912674,5.785890735,10.96299648,0.013252958,1
689.9786281,5.578434752,12.44440325,0.015816909,1
589.8639778,6.017646498,5.822965349,0.016274242,1
901.2514891,5.946018188,3.539641404,0.019558127,1
852.5569894,5.996596171,4.044785423,0.01891575,1
752.2055458,6.087980736,2.398034768,0.01787079,1
819.7392031,6.021406075,3.520129137,0.018214956,1
773.0611989,6.01759971,3.839540212,0.017104385,1
886.9609429,5.955745771,2.713200259,0.018741005,1
922.1513442,5.981538829,2.398611724,0.019171157,1
995.8476401,6.090040978,1.937663863,0.020810371,1
917.5898491,6.130818727,1.103495326,0.023236794,1
870.2659614,5.912476923,3.547376213,0.01959791,1
838.3171748,5.972847532,4.731483457,0.017818591,1
765.8871594,5.984208354,4.893854016,0.016357554,1
1020.983756,6.193865235,4.824085109,0.04765798,1
796.0222907,7.135436538,-0.343857745,0.034939759,1
598.5404057,5.852694071,9.589162849,0.01317832,1
639.4225901,5.905911574,6.8229373,0.015137425,1
749.3362756,6.183218494,2.355920467,0.019856233,1
1021.673961,6.067520821,1.93353836,0.022050729,1
849.5476345,5.990897893,4.200006233,0.017997938,1
752.1762018,6.043256444,3.550240956,0.017310038,1
801.7559892,6.012160687,3.58411947,0.017752529,1
895.9003612,5.993581374,3.208638614,0.018573383,1
1134.164542,5.578879683,4.005174642,0.045174828,1
608.4407219,5.844612147,8.561787053,0.014698107,1
638.0540286,6.552826874,-0.756778515,0.045121733,1
646.8113011,7.489044845,-0.353413203,0.037398566,1
589.1512397,5.746466383,10.8334466,0.013800288,1
715.0604591,5.99993148,7.691239412,0.015286295,1
718.0084355,5.982597174,3.775079937,0.017414592,1
693.7184362,5.966576621,4.427895666,0.016616758,1
830.9766686,6.019141456,3.544309283,0.018129468,1
726.8724968,5.985127903,4.321506733,0.016194703,1
742.712547,6.030616242,3.450240065,0.017172918,1
889.4196379,6.01111613,2.278590747,0.020749469,1
960.2006114,6.082534659,1.431610528,0.023041515,1
985.9506103,6.048181914,1.336986081,0.022716444,1
807.6859308,6.037171498,3.022184239,0.018681689,1
826.2416455,5.938970618,4.435365345,0.017157245,1
1000.486872,6.251384172,4.865820783,0.041075526,1
640.9304232,5.63507491,15.42441376,0.01207878,1
698.521499,5.955186738,5.728273134,0.017393427,1
812.0930926,5.864536504,6.048129424,0.016007098,1
748.9798196,5.897478878,5.877970609,0.014898063,1
859.8937141,5.938157944,4.393012971,0.016912328,1
604.2986187,7.168472199,-0.283639336,0.032797789,1
464.9113489,7.249822048,-0.568754591,0.036829086,1
922.5203739,6.98427512,-0.222284719,0.034510383,1
380.1330943,7.29455758,-0.759001643,0.048481161,1
657.7352641,5.866340295,8.121694512,0.014062897,1
627.4545231,5.772129718,8.207388811,0.015689392,1
626.5494325,6.058642349,6.314397417,0.015127046,1
658.9933172,5.827026497,8.900705274,0.015163092,1
764.0022633,5.857828688,7.383974793,0.015074102,1
438.4224207,6.540045122,-0.29621988,0.037370474,1
602.3129566,5.786562278,10.24804821,0.013803362,1
741.7368005,6.599410289,0.738709298,0.029801577,1
667.768487,7.010154847,-0.388015433,0.041215268,1
601.5083005,5.653869462,12.18865222,0.013916502,1
916.7497663,5.167815534,11.18261918,0.027372467,1
421.9169609,7.385499922,-0.497604517,0.032300283,1
590.7047859,5.673215074,12.8280187,0.013720535,1
973.2081726,5.223941185,11.4677513,0.028637784,1
607.850084,7.124473417,-0.124446458,0.028765553,1
567.7832661,5.621274718,11.82441584,0.013624095,1
1163.117656,5.82130351,4.153480613,0.050780135,1
743.2220387,7.147592026,1.536438295,0.020641537,1
587.625609,5.700087612,10.25291834,0.014068491,1
906.0925623,6.389601154,3.334908695,0.049750519,1
584.4370811,6.090855451,4.364853884,0.020703721,1
699.0408927,5.761195883,7.670639958,0.017144093,1
691.6998984,5.93251717,6.296861419,0.016188257,1
719.8677458,5.933120076,4.937351641,0.017954655,1
700.7042406,5.929364629,4.950216085,0.017022474,1
627.2105707,5.90564598,5.880697985,0.015433847,1
726.3677834,5.932086089,5.614278949,0.015854031,1
588.2969379,5.939290687,5.446341243,0.014976196,1
733.2194733,5.95454489,4.470089253,0.016735378,1
683.4995088,5.804921783,5.224481976,0.017038628,1
966.1174196,6.552099302,2.584775651,0.024471095,1
770.0116893,6.445931549,2.733513603,0.017382361,1
850.9502766,6.457495372,2.887735149,0.018416875,1
1460.827799,7.118725647,0.568678895,0.028271846,1
648.3692417,5.803425049,11.42690452,0.013416486,1
670.6292985,5.863391681,9.791518139,0.014253142,1
746.4924211,6.059211397,4.052162154,0.017380508,1
926.5735883,6.045962319,1.837310754,0.019337935,1
1027.765526,6.291056626,2.440749,0.020746151,1
810.8705555,6.258906978,3.470432576,0.017605563,1
732.6106453,6.007343115,5.72447211,0.017256259,1
782.4784841,5.936034153,4.066920614,0.017646617,1
801.1376051,6.039547368,2.810872789,0.018686579,1
729.6566112,5.881161522,5.652882135,0.016466659,1
717.8768484,5.87173634,6.125345721,0.014793262,1
746.1231751,5.98404378,4.583550488,0.015678553,1
792.9010104,6.029441733,3.199300828,0.016887551,1
871.2778097,6.03687565,3.270220575,0.017895726,1
892.3897854,5.970238567,3.692124855,0.018188565,1
744.1631921,5.971884246,3.835283326,0.015511586,1
873.3891581,6.055820436,4.147161456,0.016664203,1
1215.831654,7.237636266,-0.142665304,0.035569785,1
633.3851881,5.71357985,9.904063399,0.014549714,1
733.4662554,5.8672177,1.720912784,0.048015478,1
1131.107567,6.814571308,0.25712999,0.039331067,1
549.6503779,5.87515568,11.52195991,0.01299898,1
695.7606616,5.706458384,10.23602427,0.013331029,1
673.7456932,6.0832186,4.454192248,0.017285606,1
872.3474215,6.050335586,2.744115786,0.019064449,1
718.1765396,6.016802018,4.676709395,0.016299867,1
720.2027163,6.04037506,3.925515054,0.016160068,1
720.3446066,6.032906381,4.288252151,0.015834354,1
785.9928762,5.97825917,2.683966456,0.018860473,1
823.3729143,6.004072959,4.242790927,0.018424525,1
758.8090837,5.963985234,4.925682589,0.015484836,1
833.6693451,6.00958743,4.178070027,0.016431571,1
411.6887323,6.441883238,-0.738886312,0.036384554,1
561.4953163,5.794815191,10.51172545,0.012497713,1
1017.540055,7.531657222,-0.253746154,0.034570552,1
659.5425612,7.048206869,-0.731741967,0.045872661,1
606.1059786,5.762823864,12.32814468,0.013093975,1
612.2294292,5.753143099,8.350247538,0.015383673,1
656.5224891,6.014728064,4.352789425,0.017819921,1
909.1751244,5.929843582,2.773042994,0.020767225,1
825.2974558,5.936267428,4.257546901,0.018376023,1
733.0683512,6.053507252,3.062940932,0.016802344,1
817.7691714,6.118088714,2.579853364,0.017950582,1
860.0938131,5.976498546,3.708910352,0.017932907,1
844.0108964,5.94061672,3.786712734,0.017779671,1
846.1358933,6.014339439,2.822045462,0.018673622,1
865.0532992,5.95129247,3.819396576,0.018468594,1
810.5559588,5.920454173,4.057634692,0.016809579,1
857.6619753,6.003890072,4.012460786,0.017604667,1
1265.476028,5.207663886,8.309428489,0.040603985,1
803.7624621,7.559262602,-0.479856371,0.040766206,1
614.7545187,5.672559914,12.95873229,0.014113261,1
613.9415051,5.73822731,8.150482631,0.015917745,1
706.9716979,5.984044843,5.364267732,0.017340055,1
823.0436865,5.85788656,5.606371077,0.017600272,1
796.471417,5.913834277,5.151360595,0.01694463,1
837.6930918,5.886000841,4.41132175,0.017861853,1
801.5752839,5.92969502,4.127116676,0.017478625,1
890.0264099,5.996581212,2.794416419,0.019348812,1
849.0612935,5.930346009,4.275890707,0.018276513,1
900.6257041,5.895258999,3.99977514,0.019624836,1
766.7286639,5.83971075,7.637436721,0.016548739,1
839.9033591,5.916396388,6.247642253,0.01678135,1
721.0923971,7.189374737,-0.500949056,0.045361162,1
661.5364179,6.925257279,-0.677506543,0.046006072,1
499.7391712,6.892078471,-0.460957496,0.039860794,1
674.1102485,5.799919301,8.615424428,0.015228133,1
1015.548961,6.447320698,3.791990109,0.051855281,1
664.7439315,5.845148333,7.905456244,0.015913604,1
664.24836,6.07982178,3.838734955,0.01834512,1
846.2825977,5.931251154,4.34961417,0.019591907,1
771.3852143,5.848729837,6.828492235,0.016251217,1
737.9689273,5.948600746,3.832244483,0.016615835,1
841.2535037,5.865478785,5.674167085,0.017323523,1
804.3536057,5.914298042,5.235902859,0.017126641,1
834.1366902,5.884321701,4.431350979,0.017458255,1
855.1998907,5.944990615,3.625703652,0.017487727,1
782.4524238,5.900419953,4.410397657,0.016662283,1
833.2965818,5.942198238,4.556897758,0.016734404,1
1085.545412,6.787374037,-0.302750045,0.035847561,1
571.2203873,6.022262596,8.276037734,0.014125795,1
702.2886258,6.081863357,5.197830088,0.016071474,1
872.6244879,5.961022043,3.648242784,0.018545576,1
899.3706606,5.958850601,4.537533108,0.017822888,1
906.3158577,5.968921639,3.546560655,0.017831894,1
591.3664833,5.922241525,5.195852017,0.021689516,1
574.5092069,5.823386053,8.642133718,0.014023606,1
618.8767487,6.037837317,7.813808294,0.01375365,1
896.6037561,5.997897785,4.220271552,0.017567415,1
619.9357593,7.038631089,0.08826732,0.027021898,1
219.5884323,5.667927039,13.55725322,0.012343337,1
1710.535953,6.085463216,2.076092802,0.047928576,2
2207.066993,6.431962495,2.785063612,0.044570036,2
2574.328059,6.314187758,1.426691609,0.043661673,2
2305.053753,5.775620104,4.47329987,0.035756857,2
1187.519101,6.557186136,0.321201123,0.038813674,2
1136.777012,6.111998682,1.493683185,0.042790251,2
1855.680931,6.304997541,2.97583936,0.037601903,2
1530.596963,5.881675605,4.387809318,0.032755229,2
1853.290639,6.359948307,0.829918408,0.037775766,2
720.8248963,5.173371401,29.06458729,0.015899603,0
694.8881439,5.179988136,28.15544105,0.015520048,0
727.4363178,5.124106958,27.97165747,0.016622499,0
632.9332248,5.113377281,29.57529832,0.015192646,0
657.3423019,5.203705135,26.96418191,0.015501702,0
744.3236241,5.209107129,27.47424658,0.016011935,0
719.2807513,5.123204533,28.61718769,0.016300585,0
657.4285338,5.121990364,28.58091393,0.015721716,0
729.098287,5.192370629,27.8400577,0.015867508,0
688.9220571,5.115786229,30.68687367,0.015455027,0
695.0712258,5.182438334,29.42823123,0.015183814,0
731.883647,5.142667865,28.36534409,0.016244138,0
672.0263434,5.134502269,30.73232256,0.015147553,0
756.6044186,5.173108922,27.15928703,0.016882789,0
668.5519422,5.142372061,29.50734868,0.015147094,0
738.3125769,5.279462052,23.65152165,0.018030424,0
726.2615457,5.177862952,27.76555787,0.016222907,0
698.2193753,5.155229654,29.47860798,0.015879493,0
698.6297752,5.153190433,29.03607217,0.016040391,0
700.4667191,5.182560267,28.00919178,0.015497867,0
674.6397455,5.160778515,29.10717485,0.015605373,0
711.8137179,5.166062973,27.6921452,0.015883753,0
704.261824,5.144236636,28.40497443,0.016106704,0
679.765787,5.165296279,29.0229702,0.01560389,0
715.3284787,5.231278099,25.36196655,0.017267312,0
704.9886381,5.121122889,28.31103491,0.016248116,0
600.1359131,5.180491162,30.84509473,0.014159284,0
634.2524959,5.099628646,30.31332615,0.015512975,0
743.8787464,5.230312746,26.02037951,0.017073353,0
627.4510579,5.168490702,29.46956861,0.015503794,0
651.3469507,5.160178819,29.69491132,0.015530325,0
702.2732322,5.203640545,27.6319961,0.016183244,0
659.155249,5.149850983,29.10390638,0.015501912,0
716.4547361,5.291161367,25.78110843,0.016636377,0
736.0840735,5.19867125,26.93377349,0.016532095,0
663.3124375,5.172235814,28.65445091,0.015852909,0
720.1092237,5.216161968,26.01910965,0.016851637,0
687.7999502,5.210878228,26.42053324,0.01672146,0
726.3446995,5.28059698,25.57339761,0.017121124,0
682.3717533,5.170931205,27.86976909,0.015671462,0
661.9403556,5.17153968,30.13751088,0.01515139,0
657.5977404,5.16329577,29.71028728,0.015004573,0
664.4624991,5.151901634,28.96928057,0.01591535,0
687.2026442,5.18343299,28.83803455,0.015648579,0
722.3557202,5.209309925,28.33026417,0.015913851,0
715.2582424,5.131636033,29.63892916,0.016067359,0
690.8856028,5.22596608,28.88342443,0.015972116,0
664.4731145,5.198475296,28.56408302,0.01536986,0
654.2503485,5.136197718,28.36191726,0.015583864,0
685.7328478,5.189613291,27.05144882,0.016075291,0
694.1198905,5.171195101,27.97818376,0.016563571,0
717.4288999,5.281249284,18.91219561,0.017973563,0
652.2196781,5.145012464,28.70625326,0.015839627,0
733.2218651,5.262879808,27.21322414,0.016239781,0
689.9516808,5.213990794,26.1100826,0.015871298,0
689.2938277,5.185184143,30.20017478,0.015798423,0
709.9720442,5.128238362,28.68840894,0.016182064,0
650.803721,5.123464939,30.89814467,0.015271596,0
706.5638848,5.191920378,28.44271527,0.016584543,0
746.4386285,5.185865561,28.62010576,0.015838427,0
677.7566086,5.153595711,31.15128544,0.01497256,0
727.8587475,5.178104189,29.21425561,0.015955347,0
729.448073,5.16183481,28.83405897,0.015856867,0
659.8717964,5.162889377,26.89249737,0.016070583,0
683.3683273,5.094060137,30.83140852,0.015683334,0
649.4857546,5.12210903,30.16314934,0.015278897,0
786.9501009,5.378099832,23.41573251,0.017847904,0
770.6049996,5.27559119,23.05636192,0.017354186,0
678.1885901,5.124762196,29.90130992,0.015356272,0
747.2662738,5.227638598,25.32224331,0.017163228,0
666.1698474,5.104221794,30.66587651,0.015611532,0
646.7117666,5.145935606,31.17364384,0.014657231,0
689.1590272,5.111326956,29.91696147,0.016085564,0
626.3455163,5.140222236,31.43171676,0.014213612,0
640.6479921,5.123614036,30.61952916,0.015045341,0
655.8513449,5.133791752,29.92777473,0.014995663,0
644.4795292,5.096291912,30.9661902,0.015264015,0
711.6755758,5.205262001,27.59414524,0.016205673,0
681.2979333,5.130814545,29.83532194,0.015872608,0
667.2017693,5.166787566,30.19166898,0.0149625,0
758.2055102,5.150642328,27.96855851,0.016610681,0
658.102138,5.12470229,29.44939707,0.015856583,0
683.0357119,5.112533864,30.71397412,0.015700935,0
717.1411005,5.186433738,27.96463626,0.015637351,0
667.8371101,5.113095891,30.28134518,0.015383684,0
723.4591659,5.214026495,26.36556829,0.016816342,0
775.7278496,5.153508215,26.51704608,0.017086483,0
658.1041957,5.161453972,28.31300061,0.015891707,0
634.7386261,5.124688798,31.55832004,0.014917599,0
724.7818187,5.181075724,28.39432674,0.015759494,0
680.3417667,5.122877883,28.49474612,0.015785405,0
709.9399022,5.188046548,28.845294,0.015770152,0
671.4725917,5.10771416,28.64615027,0.016362562,0
672.0340965,5.128379627,31.37850033,0.015259602,0
703.5007045,5.241885052,26.81992983,0.015970262,0
740.4991081,5.184500507,26.19223645,0.017395068,0
693.9263652,5.177195238,28.14717206,0.015901284,0
693.6012438,5.117783737,29.72514596,0.015996299,0
679.4133477,5.140451343,28.18698528,0.015519477,0
672.1980987,5.113637554,31.04097486,0.015234919,0
710.6126875,5.156417769,29.22697758,0.015737951,0
682.8304901,5.151004391,30.53132713,0.0153852,0
693.9750494,5.127581632,30.20973598,0.015622272,0
683.5372344,5.129337717,30.737337,0.015142892,0
705.6439949,5.149683721,30.59278701,0.015442477,0
709.2478266,5.116391297,31.26612592,0.01560982,0
705.8672747,5.149881054,29.99456512,0.01545878,0
596.1871854,5.127714983,30.08900167,0.015041745,0
690.9154273,5.110060578,30.4268963,0.015656033,0
750.7405086,5.154885979,26.83302923,0.016534178,0
642.6578384,5.124576643,30.19989583,0.015306037,0
688.5569002,5.107970971,30.25992257,0.015893443,0
731.1071328,5.197289084,27.48523807,0.015975433,0
651.9786579,5.156807677,30.52237774,0.015039045,0
647.0779139,5.205214494,25.20879161,0.016543354,0
744.013418,5.13884554,28.73779,0.01686649,0
618.5509249,5.21998545,29.8996273,0.014349834,0
557.9628886,5.4028666,7.202656878,0.021803675,0
634.231961,5.31839687,25.97749429,0.015534908,0
583.3418696,5.305922522,27.04387468,0.014998612,0
405.7737704,5.706026845,5.264516975,0.02162705,0
658.8284601,5.2441338,20.20419663,0.01737684,0
655.4231663,5.254629481,19.90179853,0.016836785,0
659.2852486,5.153875401,26.09258925,0.015646892,0
734.2526233,5.328688136,16.97963286,0.019015066,0
573.0797952,5.433294533,13.40059818,0.017946942,0
570.0608257,5.228522729,25.26363889,0.014595264,0
600.4644399,5.333048053,15.44130871,0.016680513,0
764.4630222,5.144102995,26.81775837,0.01704643,0
573.8859909,5.11695933,32.73944162,0.013560713,0
714.5763393,5.1414472,29.19299618,0.015740195,0
332.6204799,5.804972321,1.389644527,0.028844449,0
705.9292358,5.540311601,1.702311638,0.03373415,0
629.9562956,5.565525404,14.70501305,0.017111181,0
643.6406275,5.142637788,31.92339065,0.015139636,0
682.9876279,5.224178317,28.60719255,0.015122831,0
659.2171863,5.227603877,27.98932672,0.015981955,0
705.1653881,5.164263454,28.5952863,0.016302842,0
660.6311476,5.202957358,30.27407782,0.014982241,0
607.8387245,5.143525457,25.94990713,0.016323103,0
666.5692042,5.236346976,22.21718217,0.017074855,0
772.0594468,5.389420541,23.20158382,0.017625952,0
728.3795223,5.290546037,26.53619059,0.016780097,0
670.2191975,5.430426787,19.25089872,0.016627537,0
641.478358,5.42602727,19.62353794,0.016115365,0
655.2033219,5.331508453,27.11590303,0.016031045,0
681.9440141,5.414662295,28.2397505,0.015443781,0
591.945642,5.253338935,26.13029688,0.016077636,0
669.3214996,5.232269257,27.60528286,0.015909132,0
675.2940789,5.167961821,27.30864355,0.016013352,0
658.641029,5.27825216,25.1797449,0.017051138,0
607.3856252,5.213376058,28.43498583,0.015768951,0
706.3590861,5.244959856,25.9575405,0.016597875,0
561.1925896,5.372165548,20.61982226,0.015711625,0
720.2467265,5.3845436,23.79600588,0.016710448,0
504.2967678,5.613510321,24.45582546,0.014279242,0
869.378704,5.694941663,16.21686648,0.023392998,0
580.8406431,5.591720015,20.25945535,0.015415402,0
704.2951813,5.421611386,24.50717369,0.01645031,0
675.1359935,5.389302583,19.87867538,0.01752065,0
749.09355,5.434305993,20.57822442,0.01858547,0
709.0475286,5.337520854,25.13171922,0.016823389,0
624.0879487,5.304070918,27.35118643,0.015693376,0
703.7918984,5.421020988,21.52438788,0.017609048,0
622.4611803,5.310055449,27.2242669,0.015245587,0
708.1519149,5.362757935,24.20834594,0.017193646,0
617.5632221,5.279448917,27.88016142,0.015313648,0
650.221875,5.376139845,25.2333746,0.016406125,0
691.3571742,5.283382212,25.7111869,0.016639422,0
681.2241514,5.318827824,25.38146389,0.01658872,0
682.9148254,5.403380225,24.80985385,0.016012683,0
650.3603248,5.370529165,24.77121842,0.016248901,0
698.9101048,5.429606801,23.85572748,0.016568418,0
571.4059237,5.564247823,22.29729331,0.014554937,0
631.575726,5.574097382,21.52203734,0.016094715,0
585.1957184,5.430807044,20.85730087,0.016121619,0
600.1333397,5.233729187,25.02684737,0.015357887,0
653.6808736,5.213445343,24.07259478,0.016002625,0
683.5410739,5.265002265,27.80341868,0.015279104,0
659.1649349,5.152758422,28.52735966,0.016193314,0
787.7885599,5.548012462,15.18316387,0.021924899,0
576.4810758,5.212952556,24.05671642,0.015262103,0
542.4539385,5.160331368,31.83983596,0.013870563,0
696.4691782,5.146242368,28.88082004,0.015245471,0
600.2379445,5.166536074,31.428054,0.014036331,0
717.452288,5.142542621,29.80963254,0.015999616,0
654.6711509,5.168854788,30.00277088,0.015748344,0
648.8144703,5.148589257,31.41374874,0.015145714,0
558.9278106,5.274954484,23.09092504,0.015144066,0
498.069957,5.504588806,2.476368387,0.02903164,0
664.1622488,5.438946109,19.29276634,0.018464911,0
658.8316256,5.29258985,19.49643848,0.016615591,0
635.5647369,5.089799824,30.19257484,0.016058512,0
676.4081196,5.114005506,30.73589755,0.015703992,0
652.4912517,5.030090942,33.20482188,0.015266277,0
716.6632508,5.076984543,31.3695868,0.015901607,0
691.8023959,5.115892923,31.46003001,0.015159586,0
670.8639699,5.092828022,32.93115015,0.014690297,0
685.9784156,5.061459316,32.2776867,0.01551479,0
615.5680615,5.023618749,35.19323759,0.01435693,0
715.3030845,5.082251888,31.91897736,0.015777777,0
665.6514004,5.090701189,32.03378237,0.015197113,0
674.6432218,5.106728324,28.98860137,0.015809394,0
716.3909671,5.08792909,30.9082943,0.015970009,0
665.7114509,5.105905316,30.28481647,0.015099675,0
696.0048333,5.127361233,30.02704696,0.01578478,0
739.0231121,5.117193154,30.60103256,0.015774418,0
725.3338827,5.091106386,31.689783,0.015603559,0
667.8298204,5.096000727,31.89736522,0.014839667,0
707.4534214,5.116265666,29.19655321,0.015562431,0
679.1748012,5.114323029,31.59123183,0.014861311,0
667.3017496,5.086160425,32.66929514,0.014898757,0
726.1646949,5.108610718,30.90056599,0.015457606,0
668.6300587,5.098324879,32.1873615,0.014756036,0
679.6248085,5.087145881,32.43477189,0.015146576,0
738.3516679,5.13105319,30.49484574,0.015650739,0
580.2880824,5.115416337,30.1353742,0.014881746,0
651.4429818,5.099480582,32.59332737,0.014762118,0
668.617036,5.108433617,31.14999253,0.014951381,0
702.1989432,5.12973457,30.15321136,0.015816423,0
642.0115053,5.063655251,33.38864963,0.014868973,0
685.6481918,5.108368117,32.27890606,0.015106757,0
633.130062,5.102673049,32.11945606,0.014328354,0
537.1573158,5.070899404,34.8565614,0.013447999,0
720.0055231,5.087964312,30.58475818,0.015810255,0
613.0584968,5.075410608,34.36891453,0.014460693,0
734.8544188,5.134323171,29.84459414,0.016058864,0
566.7293063,5.12040861,32.73839914,0.013422571,0
625.3437747,5.152050939,30.40480448,0.014938503,0
709.8897203,5.107855443,31.23682551,0.015671202,0
675.4316057,5.040459281,32.95673555,0.015337684,0
695.5352129,5.098909008,30.58226714,0.01601205,0
683.2412287,5.063897945,31.25272287,0.015517253,0
645.9736259,5.089833603,31.32147239,0.015468866,0
652.9433744,5.068098461,33.3997617,0.01467904,0
718.0277675,5.111739651,30.25227562,0.015935927,0
617.7420201,5.113672378,31.93090483,0.015086618,0
656.1848423,5.090479805,30.89110522,0.015436494,0
735.3654096,5.126070537,29.5606294,0.016234323,0
622.2993579,5.128918809,29.89989804,0.015647476,0
654.8548754,5.101022217,31.15437196,0.01517295,0
682.0809469,5.144047839,30.17904181,0.015158547,0
708.2768079,5.07953563,31.62251184,0.015687626,0
752.1440008,5.13390974,30.00061144,0.015961678,0
713.264929,5.160275548,30.51324083,0.015500655,0
716.0339165,5.082760561,29.93480045,0.016067112,0
691.7391198,5.108281652,30.07584109,0.01579458,0
734.5597941,5.13373643,29.7843248,0.015968261,0
671.8038338,5.084147144,32.55414776,0.014982115,0
758.7569334,5.1322915,28.20253197,0.016932525,0
638.9476582,5.080874123,33.26544489,0.014851229,0
710.196195,5.100068266,30.8459231,0.015572851,0
671.8272036,5.098259222,31.04572652,0.015259819,0
731.7874945,5.154204278,29.68060867,0.015534598,0
644.1874353,5.061326506,32.82857874,0.0145442,0
688.254958,5.121008256,31.13265618,0.015148158,0
723.7396716,5.251752,25.11124566,0.017111123,0
716.6778907,5.089313055,28.02847734,0.016470784,0
735.0384729,5.120401527,29.9028751,0.015888367,0
743.5266937,5.156057257,28.46567966,0.016148539,0
708.5820629,5.099383985,31.61981417,0.015319803,0
756.1431554,5.118705372,29.18399591,0.016209454,0
654.7889714,5.081720932,32.66382798,0.014761317,0
767.7412929,5.128992973,28.13075583,0.016805454,0
741.6960976,5.108444658,29.80260032,0.01598976,0
661.1889694,5.093892968,29.59278655,0.015586651,0
730.3851371,5.130401297,29.9973792,0.015493006,0
729.0156084,5.121068796,25.62461496,0.017107998,0
701.959875,5.197667305,28.44131756,0.01593267,0
555.3953475,5.117628686,29.18433036,0.014000336,0
725.4339712,5.159970528,26.87532391,0.015954419,0
589.1568495,5.107877398,28.54331187,0.015136312,0
712.6897845,5.066521795,31.46938914,0.015967141,0
720.1237808,5.117681588,29.14988516,0.016034004,0
679.3347327,5.089073518,31.41726126,0.015498575,0
719.6982279,5.186403666,25.50666761,0.016627681,0
694.2174479,5.098926873,29.72443394,0.015592229,0
677.1353597,5.143663182,29.37334691,0.014870156,0
693.9707838,5.123685592,28.91565742,0.015754794,0
730.4898457,5.114508203,30.17304853,0.015876575,0
654.2453027,5.108335457,30.44834399,0.015214432,0
623.2782632,5.084676487,31.97610171,0.014619923,0
711.1186425,5.142764266,29.35880586,0.015435829,0
656.2750639,5.091365935,31.96070896,0.014947615,0
759.8005786,5.149433022,27.42435956,0.017126146,0
727.281116,5.118140812,29.15013797,0.016041193,0
736.3932279,5.137890941,26.93958469,0.016896277,0
616.2104332,5.041804879,33.83935217,0.014567275,0
735.1622524,5.156619156,19.97717523,0.018502617,0
619.7784559,5.194351662,27.07798457,0.015696278,0
641.2042718,5.184178777,22.63401447,0.016137305,0
673.241481,5.140170145,29.14827958,0.015390334,0
673.3033378,5.043564295,31.10563605,0.015819198,0
746.338271,5.128389307,29.33611574,0.015964304,0
690.1713904,5.094058521,30.82124203,0.015535507,0
708.5626323,5.080242102,27.86572484,0.016427239,0
697.8309554,5.07256477,31.01642528,0.015860219,0
652.5352909,5.127532087,30.42979029,0.015057007,0
680.8929234,5.127620261,29.2858101,0.015729538,0
703.7533629,5.166787962,27.9532643,0.01651799,0
615.0512788,5.090525229,32.50478505,0.014722167,0
724.1332569,5.118547657,28.71872935,0.016032989,0
635.930172,5.055925,32.47358136,0.014989939,0
673.2460994,5.10589872,31.13946357,0.015231268,0
744.5846517,5.109722991,29.41459284,0.016461021,0
607.9578559,5.079412532,33.65255101,0.014315447,0
733.0745214,5.124136112,29.06297274,0.016171255,0
625.6952246,5.073218185,32.50450663,0.014828635,0
741.6515568,5.16497204,29.2397974,0.015901005,0
691.0174895,5.126334597,29.25072278,0.016207819,0
676.249272,5.058515655,31.40019432,0.015545927,0
721.3825181,5.207221737,26.78724394,0.01672575,0
724.797323,5.102371702,29.81746163,0.016224849,0
663.2597645,5.076358594,32.11121216,0.01486133,0
727.902555,5.140461342,28.12853636,0.016070382,0
765.42572,5.095583297,27.87754719,0.016769234,0
709.2899317,5.133616116,28.48180755,0.015736938,0
715.043226,5.067174748,29.61450381,0.016361335,0
656.9416196,5.087700944,32.06786978,0.014994193,0
711.0117707,5.133325224,28.99399836,0.016275233,0
731.5799738,5.141280823,28.53317703,0.016047615,0
683.6555514,5.094069306,30.62593691,0.015347107,0
715.6977125,5.094386965,29.08903417,0.016197474,0
664.7202214,5.065582892,32.31531375,0.015288141,0
673.4754866,5.101549154,30.30926861,0.015219975,0
697.2148044,5.078056903,28.86313216,0.016102019,0
649.6568392,5.104285791,31.31962185,0.01495226,0
685.4361007,5.132381338,29.39642665,0.016155482,0
729.5992228,5.116308752,29.52731395,0.016019326,0
628.8313855,5.140826794,31.71760559,0.014506458,0
739.9939364,5.10438644,29.87509205,0.016158299,0
708.0288021,5.132556445,27.47195194,0.016463687,0
652.5667522,5.119954823,31.582358,0.014940502,0
671.1250616,5.086347654,30.9080199,0.015355488,0
636.7501256,5.109496788,29.77552866,0.015398299,0
662.3780156,5.13052226,30.75836497,0.01466384,0
702.2519705,5.104588868,30.40060518,0.015570456,0
675.2783446,5.126677727,30.1969473,0.015030955,0
661.348097,5.134340313,31.14055885,0.014786376,0
734.9010365,5.149404732,28.87612656,0.016017284,0
645.5839614,5.048914989,31.71433564,0.01543385,0
750.8727589,5.162902893,26.63867682,0.01701055,0
693.1253774,5.052358229,30.99934951,0.015892801,0
691.0398462,5.114758315,30.54849206,0.015346998,0
695.0956337,5.093818377,30.66845501,0.015711573,0
659.8966197,5.095765786,31.90871505,0.014652199,0
678.8347903,5.063151321,31.07437527,0.015297917,0
688.6570829,5.210744719,26.4363317,0.016013296,0
696.1681224,5.091643055,29.86684212,0.015995995,0
657.4441052,5.08406425,32.30214404,0.014903206,0
717.06125,5.14283895,29.77156394,0.015431952,0
621.3011339,5.11697241,32.64398684,0.014390896,0
703.0017601,5.092207339,29.68705438,0.015886395,0
715.8110783,5.141792977,27.60776421,0.016251668,0
671.9657622,5.090543671,31.78951981,0.015360766,0
701.7423193,5.099481879,29.57075736,0.015586963,0
705.841928,5.100895082,29.00459215,0.016231399,0
664.6125189,5.07835537,32.07637077,0.014928346,0
715.7033112,5.150287926,27.2762445,0.016446845,0
714.0272354,5.110306065,29.64040661,0.015819423,0
678.893295,5.059635722,31.38541307,0.015517791,0
707.9693741,5.137144725,28.48005413,0.016365263,0
740.8887512,5.082015853,29.65398728,0.016369594,0
637.7030477,5.102882405,32.62505144,0.014353929,0
699.7375036,5.091277251,31.46998555,0.015610946,0
765.6188791,5.08675628,29.15028698,0.016526641,0
621.0877877,5.107264352,29.58935505,0.015035166,0
710.4054977,5.058628861,30.72228235,0.016087952,0
737.9765332,5.106882339,29.21476796,0.01618059,0
654.9196202,5.147400398,29.54661102,0.01545256,0
682.7437068,5.085003926,31.59293729,0.015311269,0
667.8383169,5.099098803,31.02478095,0.014934203,0
606.9980214,5.063955904,33.94964928,0.014617807,0
700.3840374,5.099524137,29.70851066,0.015680938,0
610.6720867,5.097617953,33.4432586,0.01430914,0
666.5574867,5.111521595,29.38027602,0.015754619,0
710.9627394,5.098710484,30.40719474,0.016108927,0
645.5611615,5.066865528,32.38999235,0.01492513,0
688.2205597,5.119240179,29.40686981,0.015566364,0
647.7197419,5.109154849,30.36859789,0.01551872,0
597.0252635,5.045661452,34.36250739,0.014365596,0
703.4062368,5.109680483,30.61380257,0.015400133,0
716.5782801,5.152720639,28.10359589,0.016594175,0
658.0078194,5.068784795,31.37319086,0.015392766,0
684.3080415,5.109684237,29.70503198,0.015267505,0
726.2715486,5.130856269,29.97930689,0.015854206,0
631.7715697,5.083528757,32.8036425,0.014071727,0
614.6777104,5.088225143,32.66776742,0.014197535,0
752.1585435,5.114353325,28.58717017,0.016418555,0
675.3639704,5.093990783,29.99134449,0.015797943,0
714.2175,5.133537252,30.22944727,0.015521321,0
720.8808034,5.084158673,31.21367679,0.015948708,0
682.0942129,5.059464746,31.22402089,0.015535887,0
645.4895578,5.058730457,32.90691718,0.014711414,0
688.0667335,5.089401757,30.90101466,0.015004441,0
679.9546532,5.139456767,29.23622581,0.015978335,0
745.6010679,5.062013847,29.68711406,0.016490643,0
690.3806708,5.094305476,31.32404953,0.01512717,0
651.7810367,5.084161366,30.80167863,0.015014307,0
641.8964055,5.062422141,32.60383466,0.014732802,0
700.3817067,5.113260107,28.49136274,0.016194493,0
702.7898366,5.070224277,30.83654368,0.015752315,0
725.481243,5.12634065,28.56050929,0.016466334,0
679.0785716,5.085169251,31.18249678,0.015342125,0
644.5140455,5.098722283,30.13952932,0.015069069,0
663.3652214,5.085627007,30.94718671,0.015020617,0
654.6085187,5.155998362,27.31764455,0.015928774,0
697.7875341,5.102486477,29.60680331,0.015874745,0
727.1893987,5.123380478,27.09041706,0.016770994,0
695.5495901,5.110984943,30.03752429,0.015539615,0
676.5375511,5.068528217,30.27542902,0.015521189,0
619.3196926,5.049710496,31.59544373,0.015314235,0
753.0320289,5.121169395,29.58577213,0.015868626,0
705.9615143,5.160029436,28.40269612,0.016253632,0
677.2249407,5.087940985,31.06710111,0.015279404,0
765.7560075,5.116105007,28.54133106,0.016466816,0
605.7106394,5.052710553,33.87931766,0.014840634,0
689.8115219,5.089840723,30.96923829,0.015492834,0
758.3927582,5.128740957,28.87697795,0.016367489,0
666.1621345,5.082812538,31.48396576,0.015111866,0
717.1126251,5.280548649,26.37831135,0.016370277,0
633.1117583,5.208989476,28.14808424,0.015403796,0
712.3484744,5.106867928,30.07849868,0.015931782,0
684.4704096,5.063784705,30.97838819,0.015775649,0
723.214129,5.148711673,29.82567803,0.016118211,0
673.3628272,5.087831699,28.11705398,0.016344127,0
668.500548,5.054143283,32.2989934,0.015152245,0
717.2162678,5.096640371,29.49128171,0.015914815,0
654.9395581,5.083617124,31.97635311,0.015100826,0
650.7422179,5.156031054,26.65423995,0.015815625,0
658.3448496,5.193439112,25.04051995,0.015873198,0
434.2990798,5.286580468,14.72953341,0.016165636,0
553.225456,5.420408642,-0.310050215,0.041345665,0
682.4581672,5.332063174,6.772262154,0.025131171,0
677.013512,5.09123347,29.79491392,0.015934421,0
694.0925592,5.114529979,29.69478274,0.015716216,0
667.4682539,5.151110642,26.52168161,0.015733844,0
667.1840095,5.073986171,31.30461094,0.015423301,0
734.2757251,5.113951604,28.6021817,0.016428852,0
652.070999,5.024035282,32.99121567,0.015301734,0
664.3939713,5.073892512,31.17892214,0.015557415,0
703.190569,5.054874622,30.52313907,0.016400187,0
695.034063,5.111984222,31.46057464,0.015710401,0
664.8190025,5.095645236,32.15039518,0.01522411,0
691.5416502,5.123070912,30.58570818,0.015488279,0
682.7363321,5.157601268,30.18876452,0.015218801,0
649.5517418,5.174026077,31.30249573,0.014593899,0
727.376458,5.159935876,29.63548165,0.016354068,0
736.9818603,5.205230375,28.48386101,0.016141861,0
596.2364917,5.103670013,34.2101211,0.014358118,0
706.7496299,5.164191487,30.01948057,0.015619531,0
713.3993368,5.146487321,29.62972525,0.015873652,0
608.0587953,5.092612086,32.86308528,0.014633017,0
708.6655436,5.167931066,29.65189937,0.015759295,0
581.9485762,5.115032134,27.37051681,0.015112913,0
677.9562385,5.076419047,27.21525123,0.01677281,0
692.4241625,5.181036949,28.72823861,0.015933296,0
612.4079279,5.123252343,30.13416179,0.015043525,0
701.6788354,5.289173387,16.72341199,0.018232679,0
590.2403028,5.059927637,32.23054152,0.014596275,0
706.7958526,5.371346253,20.50106955,0.018587425,0
709.5358343,5.132360489,28.57769638,0.016440182,0
684.8546495,5.1684106,29.94486515,0.014983638,0
598.6095409,5.149928983,29.01063039,0.014843281,0
688.2816209,5.126802119,25.88563384,0.016342849,0
660.0325459,5.179778609,24.70358069,0.016021861,0
655.7075542,5.104068785,28.69009827,0.016055153,0
689.934027,5.088421655,31.43922689,0.015415913,0
669.7910927,5.09717331,32.32166792,0.015080869,0
695.6281937,5.06854618,31.48846243,0.015792618,0
651.6846064,5.092020329,32.39251363,0.014722783,0
665.4696507,5.064344444,32.07165416,0.015140189,0
724.1583881,5.112027778,30.25108689,0.015647823,0
653.343186,5.059389343,33.31696815,0.015062789,0
668.0447425,5.087578979,31.86463927,0.015007849,0
677.6267629,5.052435202,32.26765364,0.015354338,0
679.3818527,5.093463264,32.00459716,0.015028913,0
719.3338697,5.109646245,30.35884622,0.015744693,0
736.1014833,5.102332081,29.95219205,0.016034643,0
654.0813018,5.101603071,30.28968037,0.015640033,0
709.6131441,5.075338822,31.59432377,0.015856981,0
691.0405747,5.113021341,30.26377545,0.015253461,0
643.703228,5.105390735,32.64447491,0.014520917,0
624.3272852,5.01661547,33.86848906,0.015074239,0
728.1247961,5.135652426,30.2425713,0.015559365,0
707.5389621,5.104129747,29.90842058,0.015922965,0
736.1478432,5.173558356,28.0543749,0.016513651,0
724.383529,5.107872394,29.83247433,0.015896504,0
687.6990092,5.0993274,30.75363697,0.015516941,0
725.3262485,5.093210635,31.05927003,0.016012915,0
710.6497669,5.096656613,30.72860748,0.015607112,0
736.3600789,5.123498227,30.8718685,0.015944765,0
717.3020968,5.116004082,31.06120409,0.015551831,0
626.20849,5.054535308,33.74448698,0.014539798,0
616.8779457,4.994687917,34.32559064,0.015001957,0
724.9078231,5.135722079,30.69437612,0.015463373,0
650.6745489,5.031487867,33.62411105,0.015277157,0
676.0578229,5.10284563,31.53789237,0.015253565,0
738.6727826,5.077237999,31.07927338,0.016320259,0
409.4329441,5.561415649,2.227194391,0.026211791,0
